title,price,image
"BMW 5 серия E39 [рестайлинг] Седан , 2003",8300$,https://i.cars.kg/preview/r/ipWN7vl032ONK77g2931pw/1080x-/20230303/3523b3f9e927dc416d3351646c2917a1.jpg
"BMW 5 серия , 1992",5000$,https://i.cars.kg/preview/r/ypAmDKxKLrLR20WFfM_PrA/1080x-/20230302/d4991b2925a3f76c43ef4acc21d21749.jpg
"BMW X5 E53 Кроссовер , 2002",12000$,https://i.cars.kg/preview/r/dUsi_y_8Zis3_xIKoJc5xQ/1080x-/20230301/1dfc26f1c23ccc7c3435ec3d4d04903e.jpeg
"BMW 5 серия E34 Седан , 1992",3900$,https://i.cars.kg/preview/r/J6IPxNYV91vc6LXyQAevCw/1080x-/20230227/63a5c03b3138f0e2c88987234fbbf20b.jpg
"BMW 5 серия E60/E61 [рестайлинг] Седан , 2007",11000$,https://i.cars.kg/preview/r/RlzEY-XjcLCIVYa-XfeOLA/1080x-/20230226/a29ddeaaa43d2b8670b531c61c6fd478.jpg
"BMW X5 E70 Кроссовер , 2007",12000$,https://i.cars.kg/preview/r/S5P-v2oCLBiuS6V9lYtPkA/1080x-/20230226/1211d267e71b1f35b120d6aa2afdda17.webp
"BMW X6 F16 Sports Activity Coupe кроссовер , 2016",48000$,https://i.cars.kg/preview/r/7nFVtFGIDuMu0wfoNGdRuQ/1080x-/20230224/425555c070011dcafdc01d08576b6e1f.jpg
"BMW X5 E53 [рестайлинг] Кроссовер , 2005",13$,https://i.cars.kg/preview/r/LOP0Nqarq0oK-fQW35XWKQ/1080x-/20230223/b37ed1dd725767c5d3a2bfc7d06b5ce0.jpg
"BMW X5 E70 [рестайлинг] Кроссовер , 2012",25000$,https://i.cars.kg/preview/r/OQEO19-Kjjavo-VPSPpvZg/1080x-/20230221/d1c8d6500c885fe31c9ed7ae7ee9b191.jpg
"BMW 5 серия E39 [рестайлинг] Touring универсал , 2003",6000$,https://i.cars.kg/preview/r/pqHA7KA5a9FjU2WsqxJ6Lw/1080x-/20230221/813c00ace14baacebe8acf27a8918d1d.jpg
"BMW 5 серия E60/E61 Седан , 2003",11900$,https://i.cars.kg/preview/r/7Ihvlqc-HzSLjxRZe46oWQ/1080x-/20230219/222535d688571a34aa4adf9230db717d.jpg
"BMW 5 серия E60/E61 , 2003",10500$,https://i.cars.kg/preview/r/ozbzfSmvprYCDNenjeW4xQ/1080x-/20230218/e926eb7f853982b444c745312a56769d.jpg
"BMW 5 серия E39 [рестайлинг] Седан , 2001",3500$,https://i.cars.kg/preview/r/ef0SA6wqxTbGYOOQCC20hA/1080x-/20230217/416c41db88c7341ddfe172952fd229cd.jpg
"BMW 5 серия F07/F10/F11 [рестайлинг] Седан , 2017",45500$,https://i.cars.kg/preview/r/WV3ODCs__Pz5BlJZfO4m0A/1080x-/20230216/81fcd0cf9e5ad6d457f727555b7c7e3b.jpg
"BMW X5 F15 Кроссовер , 2016",45000$,https://i.cars.kg/preview/r/LPiWC0SBR7vhbDYlDKz69A/1080x-/20230216/13a6aa8bfcf1001a314f5e8f952a8192.jpg
"BMW Х7, 2020",120000$,https://i.cars.kg/preview/r/Lpu_fCvhD4Onkpt_d4lvpA/1080x-/20230214/e6fbbc8ab838eb503cc9d8b562008095.jpg
"BMW 3 серия E46 Седан 4-дв. , 1998",8000$,https://i.cars.kg/preview/r/jCXFbuRVmPm7dGp9AXAsLw/1080x-/20230213/06c087753268636750786a5b938cd919.jpg
"BMW X5 E53 Кроссовер , 2003",11500$,https://i.cars.kg/preview/r/1DXlKifMUaWrVd50QlNCbQ/1080x-/20230212/b41613e7ce3a32cb457374bd698cec04.jpg
"BMW Х7, 2019",115000$,https://i.cars.kg/preview/r/c8kPX_dqVTK6FD7TTdLX4A/1080x-/20230212/0432ce2a20bdaeec8067318c713fd517.jpg
"BMW X5 E53 Кроссовер , 2001",8900$,https://i.cars.kg/preview/r/WwmNche91z6NwTDvRc0llw/1080x-/20230211/24ba80f0ff06032d1bc04201a4925a90.jpg
"BMW X5 F15 Кроссовер , 2020",99000$,https://i.cars.kg/preview/r/HpMtjyNie22ruXoaFjTNVg/1080x-/20230211/9a6654908ac8d2d86bfbd00701a52d2a.jpg
"BMW X5 E70 Кроссовер , 2008",13000$,https://i.cars.kg/preview/r/3DPXJIVujtJlVsSmMPgDCw/1080x-/20230210/a59eb879db83bd3a885e6cb5359651c0.jpg
"BMW 5 серия E39 [рестайлинг] Седан , 2002",6000$,https://i.cars.kg/preview/r/ZwaMqYdo09j_DbV_wt3o9g/1080x-/20230208/63bd646397af909d55ca6decec5e0c80.jpg
"BMW 1 серия , 2018",25000$,https://i.cars.kg/preview/r/om6kFwCLsBujYPuklruA1w/1080x-/20230206/9fd371dbafa124a63b3ea9e977433054.jpg
"BMW X6 E71 [рестайлинг] , 2014",40000$,https://i.cars.kg/preview/r/bLrBIalUvovFg5wULVqaew/1080x-/20230205/2c88619a5050b0cada08129026278d9e.jpg
"BMW 5 серия , 2008",17500$,https://i.cars.kg/preview/r/Rp7Xiwm5qAS8lHlFQNA0EA/1080x-/20230204/57af014850d0704b69f8268cfeaa1414.jpg
"BMW X5 M E70 Кроссовер , 2010",24700$,https://i.cars.kg/preview/r/6rm6CZyxyEnC0j8Cplm9zg/1080x-/20230204/87c8edd44ae7007323ea2b11b20317de.jpg
"BMW X5 E53 Кроссовер , 2001",7800$,https://i.cars.kg/preview/r/uoqzcu0s3e-AelrlNDR7xA/1080x-/20230203/ed311354e41ff99190316726f6e502b7.jpg
"BMW X5 F15 Кроссовер , 2021",107000$,https://i.cars.kg/preview/r/HyelcpGpfaIEx-mtCrll4Q/1080x-/20230203/114b0f7b0ed7e6716ff150c5a965ee80.jpg
"BMW X6 E71/E72 Sports Activity Coupe кроссовер , 2008",16800$,https://i.cars.kg/preview/r/YMLYp7_FnmnHykzXY8Z5PQ/1080x-/20230131/cb22f028ca10b5c89ec269458f84577c.jpg
"BMW 5 серия E34 Седан , 1991",6291$,https://i.cars.kg/preview/r/SFl95tzwWVJEBQU3TUe2Xw/1080x-/20230127/0992b650e1ccd83b04992a5db51d8de0.jpg
"BMW X5 E53 Кроссовер , 2000",7664$,https://i.cars.kg/preview/r/rn0_Rl65X2Glr5rJszi8tw/1080x-/20230121/c353f796a7502676774cb1965fa62898.jpg
"BMW X5 E53 [рестайлинг] Кроссовер , 2003",9600$,https://i.cars.kg/preview/r/XixTY5gfNUSV_OKFNPFzDQ/1080x-/20230117/c89feb2c9215e6af2cb3a66bdf5c23da.jpg
"BMW 5 серия E34 Седан , 1993",4461$,https://i.cars.kg/preview/r/bP6b0F4cYV_wZyLw1Pp1iQ/1080x-/20230108/02a0b2bdcb18d7d880b3248755216009.jpeg
"BMW 5 серия E60/E61 [рестайлинг] Седан , 2010",14200$,https://i.cars.kg/preview/r/TgFHHljubRRdxsahCYNktg/1080x-/20230108/00a0cff9afe4cbdfbdd89bf0cc6fc7a4.jpg
"BMW 5 серия E39 [рестайлинг] Touring универсал , 2001",4003$,https://i.cars.kg/preview/r/AIF_39ESV3A1PNXgpay8GQ/1080x-/20230108/67711c7e08fffdfd88676ce87b04bff1.jpg
"BMW 5 серия F07/F10/F11 [рестайлинг] Седан , 2017",44000$,https://i.cars.kg/preview/r/lqoVcY4TM4rW2h4dEFaeuw/1080x-/20230104/9de9a468a4777ddf8a68cb65ec59b2e4.jpg
"BMW X5 E70 Кроссовер , 2007",17000$,https://i.cars.kg/preview/r/P94cm46gK3hy8rGtQsJLbg/1080x-/20230104/46c7adc2fa7faa58529d7eaccf91a6de.jpg
"BMW 4 серия F32/F33/F36 Gran Coupe лифтбэк , 2017",25700$,https://i.cars.kg/preview/r/e1g-FVB5z2_Pum0nDIhJbA/1080x-/20230104/ae57eef0f31cc5ece3b30a80231f2920.octet-stream
"BMW 3 серия E46 Седан 4-дв. , 2000",4000$,https://i.cars.kg/preview/r/1Cj1yGivp5-bWeklgX1yXQ/1080x-/20230103/c93d386fd8839840bbdedd573e7efa89.jpg
"BMW X6 F16 Sports Activity Coupe кроссовер , 2022",125000$,https://i.cars.kg/preview/r/UIY7vwuFcIdELkCJM4Yi3Q/1080x-/20221231/1efc0687f8c8935f6b12a56d4339f1fb.jpg
"BMW 5 серия E39 [рестайлинг] Седан , 2002",6200$,https://i.cars.kg/preview/r/phPSqhmcD50gBSiYMmnagw/1080x-/20221229/8992522ed09c511e1b144999b07e4ad0.jpg
"BMW 7 серия F01/F02 [рестайлинг] Седан , 2017",55000$,https://i.cars.kg/preview/r/Fhc1oa04x4q5P_OgPTSYVg/1080x-/20221215/6b3be7a2a6f80b846dbcdb266fb045a5.jpg
"BMW X6 , 2017",51000$,https://i.cars.kg/preview/r/zNZCRJxrEdtzhOkE2oqhIw/1080x-/20221214/e3e5c183289aba808b77a1140f19269e.jpg
"BMW 3 серия E36 Седан , 1991",2287$,https://i.cars.kg/preview/r/ItL5qabEHfFTrKyPwvLJCA/1080x-/20221213/0d35ad7850ecd1435761a22fd96968b7.jpg
"BMW X5 E53 , 2001",7999$,https://i.cars.kg/preview/r/QgRqiE5Aao6a0ou9dJHAPg/1080x-/20221213/b078fd69d6df55624a9e79a20e698d40.jpg
"BMW 7 серия E38 [рестайлинг] Седан , 2000",12500$,https://i.cars.kg/preview/r/H3MdWd5nRNF7OIZVqRqu8w/1080x-/20221213/af31e0b89f55f81573d52743722128d3.jpg
"BMW X5 E53 Кроссовер , 2003",9900$,https://i.cars.kg/preview/r/V2IDh_W8KoIwv-GM7CFbPA/1080x-/20221212/a870ca7e5bea3181293c7e5837d87793.jpg
"BMW 520d Msport 2.0d, 2017",37500$,https://i.cars.kg/preview/r/Gv32BOKpTLD9mew4zFyH-A/1080x-/20221211/dbfab7821a6b544ace61ae7f501513e0.jpg
"BMW X5 M E70 Кроссовер , 2010",25700$,https://i.cars.kg/preview/r/jcGLV31wtlrWti96nahLIA/1080x-/20221205/a187e48108ab8d52a1c5a6e3a03c5dab.jpg
"BMW X5 F15 Кроссовер , 2017",49000$,https://i.cars.kg/preview/r/oRR2IJyiGg9B3t-a2R3Uvg/1080x-/20221205/869a7d2a2b4316c4d6a2f13f5eeb78bf.jpg
"BMW 3 серия F30/F31/F34 [рестайлинг] Седан , 2016",24500$,https://i.cars.kg/preview/r/B0dmPVxxh_H2YoaKbfLWyA/1080x-/20221204/0e11670be2a32ea4a8695a8b533f5c58.jpg
"BMW 3 серия E90/E91/E92/E93 Седан , 2006",13500$,https://i.cars.kg/preview/r/e1p7jCOi63yKLXDTv2ldkA/1080x-/20221130/b52b92d603b4b4b747b0e05596c6ed73.jpg
"BMW 5 серия E34 , 1989",6000$,https://i.cars.kg/preview/r/WZwLMTkxpbCDb51iuJZxWQ/1080x-/20221129/a861db06197d7b3388a649f0dc2eabbc.jpg
"BMW X5 E53 [рестайлинг] , 2004",15000$,https://i.cars.kg/preview/r/ENw6EtJypWWDrEzLq6eGjA/1080x-/20221129/2eef10ebba50d585c6c05d6ef69539fa.jpg
"BMW 5 серия F07/F10/F11 [рестайлинг] Седан , 2018",38000$,https://i.cars.kg/preview/r/lByi1EXXc0nM4WaI4e_F5Q/1080x-/20221127/b3c34570460c498129cc8f15caf8f500.jpg
"BMW X5 E53 [рестайлинг] Кроссовер , 2005",12500$,https://i.cars.kg/preview/r/kDO_VoPxL9tUUmM_SPi0xQ/1080x-/20221126/6849949ae0289af14573c11c334fe972.jpg
"BMW 5 серия E34 Седан , 1995",10300$,https://i.cars.kg/preview/r/0IhUI41HBQdQbF2lg0g9xw/1080x-/20221125/b29870a7d7287ad589b2fc46964833b6.jpg
"BMW X5 F15 Кроссовер , 2016",45000$,https://i.cars.kg/preview/r/1TzBstDJOYHCPlwnVzyoAg/1080x-/20221124/63346eb5dac6b575c826d21974af5019.jpeg
"BMW X5 E70 [рестайлинг] Кроссовер , 2013",33000$,https://i.cars.kg/preview/r/-Yc8Qwin4wAFiH7viKZiag/1080x-/20221123/5002797819a9158692f3f16a70d6fd74.jpg
"BMW 5 серия E34 Седан , 1991",1830$,https://i.cars.kg/preview/r/nC14kPJBUbxAMyT8_2LvsQ/1080x-/20221123/11226e5ae4f0af9ab4f6356db11914f3.jpg
"BMW X6 M E71/E72 Sports Activity Coupe кроссовер 5-дв. , 2009",21000$,https://i.cars.kg/preview/r/s1J4cM5dXOD-WMVbudlG9w/1080x-/20221122/1ae6a8251db761015e850cf7167544cd.jpg
"BMW X5 E70 [рестайлинг] Кроссовер , 2013",33000$,https://i.cars.kg/preview/r/Tlr184JBVIuk98trG8wZbw/1080x-/20221121/374f9d977c5c88c443cee889e7501927.jpg
"BMW X5 E70 Кроссовер , 2010",20999$,https://i.cars.kg/preview/r/kW9efBYKYnyWqhK4rqshyQ/1080x-/20221119/69b10ced4bbb79e7d4d00ae7c0052eb7.jpg
"BMW 5 серия F07/F10/F11 [рестайлинг] Седан , 2017",32000$,https://i.cars.kg/preview/r/5dPgxSLxzG1YbxL-2WEVKQ/1080x-/20221117/49811fb0a437c4dc91426f41205ffd26.jpg
"BMW X5 E70 Кроссовер , 2008",14300$,https://i.cars.kg/preview/r/Wo0ijb6oqdt_p1hoN0mkfA/1080x-/20221117/e08c574dc65efbcd6fbdd59d092d35e3.jpg
"BMW X5 E53 Кроссовер , 2002",8200$,https://i.cars.kg/preview/r/nTYO6_Kq5PvHhZaXI2nyag/1080x-/20221116/a087d38079e7f67e11edec2131556538.jpg
"BMW X6 F16 Sports Activity Coupe кроссовер , 2016",55000$,https://i.cars.kg/preview/r/ntR8xpukuHzYWsKLfz5KAQ/1080x-/20221116/fca5e4081e8776b39369b9303b43ffe8.jpg
"BMW , 2002",3774$,https://i.cars.kg/preview/r/JkveVz-nsNG9nIe8p5UoAg/1080x-/20221111/68b81a0e066131c079014583665379c7.jpg
"BMW Х7, 2019",125000$,https://i.cars.kg/preview/r/tH2E9IN39G43GLSyIzFUUg/1080x-/20221110/395fa06d3cd30f0bd4466ae77fa90e63.jpg
"BMW X5 E70 , 2007",15000$,https://i.cars.kg/preview/r/eOXhWtdaeEu9DM6zA9sx0A/1080x-/20221109/ecc0257998b40834ce23386d951e6795.jpg
"BMW X5 E53 Кроссовер , 2003",8200$,https://i.cars.kg/preview/r/TU8aWZx3n__sSPrv2aEt2A/1080x-/20221109/9dd497a16448483849ff57e26eb1ab40.jpg
"BMW X6 E71/E72 Sports Activity Coupe кроссовер , 2008",18000$,https://i.cars.kg/preview/r/gFJRMUU1mWaVPe4_mWZpCg/1080x-/20221107/8cda605931cf92e03d577b234436908b.jpg
"BMW X5 F15 Кроссовер , 2016",45500$,https://i.cars.kg/preview/r/AadRVg6d-vWdFly2nVEeCw/1080x-/20221104/d2c4b2a2d51f18d7818a42f69634f064.jpg
"BMW 7 серия E38 [рестайлинг] Седан , 2000",5000$,https://i.cars.kg/preview/r/4Hhj6d7pMT5yxm_kgEdGSg/1080x-/20221103/595cc2a5af3006094fb86f11b559ae1c.jpg
"BMW X6 F16 Sports Activity Coupe кроссовер , 2016",55000$,https://i.cars.kg/preview/r/n_kT3XnQPUSgheZvzXsRfw/1080x-/20221103/47900eb07d23dc0e32a52b2096251980.jpeg
"BMW 5 серия F07/F10/F11 [рестайлинг] Седан , 2014",21900$,https://i.cars.kg/preview/r/GjvTq_mwF4WgL3dc-tIV6g/1080x-/20221101/318a174691b693e1be142579004c4195.jpg
"BMW X5 F15 Кроссовер , 2016",145500$,https://i.cars.kg/preview/r/_Y5IwhLpGqigeo5LSU0lgg/1080x-/20221023/f4798001c4575eecd10f7b1217c06ac8.jpeg
"BMW X5 E53 Кроссовер , 2002",7500$,https://i.cars.kg/preview/r/an92S_tfgYmSfEOehV6FbA/1080x-/20221022/6ebfdc42e7acecb60575798f86d00a1c.webp
"BMW 5 серия E39 [рестайлинг] Седан , 2002",9500$,https://i.cars.kg/preview/r/WlN5f1oEndqu2vIintO7wg/1080x-/20221021/fa570e76e25ef04fd9358fe4fb8d2ced.jpeg
"BMW X6 E71/E72 Sports Activity Coupe кроссовер , 2008",22000$,https://i.cars.kg/preview/r/CvWvAfNCYePMhgxap1MiNg/1080x-/20221020/5f65cc25d70f287f85544d3dee8a19e5.jpg
"BMW X5 E53 Кроссовер , 2003",8200$,https://i.cars.kg/preview/r/VST2YRTjtAiFenHez9Ujgg/1080x-/20221020/9cb8370144a3683ee8b09727bb37d3e2.jpg
"BMW 3 серия E30 [рестайлинг] Седан , 1994",2800$,https://i.cars.kg/preview/r/w8Eox_VB9TxSm2OcYrOZAg/1080x-/20221019/7dc807647cacf8cc3386dc0c7e6994c2.jpg
"BMW 5 серия F07/F10/F11 Седан , 2010",17500$,https://i.cars.kg/preview/r/gk4aaOQxxa8chnY0YXcpEg/1080x-/20221018/611fd07e1a649864d3c84ed58ee85d84.jpg
"BMW 5 серия E39 Седан 4-дв. , 1999",4003$,https://i.cars.kg/preview/r/m0YofB4E_oG0VUQ3fwn1Ng/1080x-/20221018/8ff760a28a1b7a34b3efea4a7dc3bbc7.jpg
"BMW 5 серия E39 Седан 4-дв. , 1996",4500$,https://i.cars.kg/preview/r/86AEKPkjeXpKsAqUWZsTew/1080x-/20221017/8be71ccafe163405c8bd13e132f09dca.jpg
"BMW 5 серия E60/E61 [рестайлинг] Седан , 2008",15000$,https://i.cars.kg/preview/r/rI6apS0ovB-hyMjFGxL4wg/1080x-/20221010/d15719423c0cd9082b8294ab6e69d812.jpg
"BMW 3 серия E36 Седан , 1996",2253$,https://i.cars.kg/preview/r/fF8wEFN4DTPrM41fMyrXmg/1080x-/20221003/2cf1eb6c86ad83792b72bd683957ef01.JPG
"BMW i8 1 поколение Купе , 2016",12$,https://i.cars.kg/preview/r/N17P_pBuQ9m1F6TVu_2WQw/1080x-/20221001/8006dbe2c22c87ae2c5771c76dd2b2d2.jpg
"BMW M5 E39 Седан , 1998",6000$,https://i.cars.kg/preview/r/RrmE9RLx_ImuKuwSF8LzHQ/1080x-/20221001/6560b5b1735ac9e4b07302b18e059cea.jpg
"BMW 5 серия E34 Седан , 1992",3660$,https://i.cars.kg/preview/r/VGZx0pfYmXMkzT93AoHNoA/1080x-/20220928/a51250c6b235ee186769140903b54129.jpg
"BMW 3 серия F30/F31/F34 [рестайлинг] Седан , 2016",30000$,https://www.seat.com.mt/content/dam/public/seat-website/carworlds/compare/default-image/ghost.png
"BMW 3 серия F30/F31/F34 [рестайлинг] Седан , 2016",30000$,https://www.seat.com.mt/content/dam/public/seat-website/carworlds/compare/default-image/ghost.png
"BMW 3 серия F30/F31/F34 [рестайлинг] Седан , 2016",30000$,https://www.seat.com.mt/content/dam/public/seat-website/carworlds/compare/default-image/ghost.png
"BMW 3 серия F30/F31/F34 [рестайлинг] Седан , 2016",30000$,https://www.seat.com.mt/content/dam/public/seat-website/carworlds/compare/default-image/ghost.png
"BMW 5 серия , 2008",10500$,https://i.cars.kg/preview/r/9QBSFDJ6KMOuHtwoQaUlUg/1080x-/20220927/a6f7f25c94abbeb86843c649952acd21.jpg
"BMW X5 E53 Кроссовер , 2000",6000$,https://i.cars.kg/preview/r/zPLkS7VKIFdmPLKdXIK89w/1080x-/20220926/6b45b7ae4685ecdc5a0fee75d8a37b5e.jpg
"BMW X5 F15 Кроссовер , 2015",37000$,https://i.cars.kg/preview/r/kUo4paH7zaxvgNxhlP9NfQ/1080x-/20220923/d58364c3f5751fef7429b61ac9a87ca5.jpg
"BMW 7 серия F01/F02 Седан , 2010",17000$,https://i.cars.kg/preview/r/M07UAjwe2axtSRBD2woXkQ/1080x-/20220914/93db8138ddf7d3f150d6b01b7457faf2.jpeg
